"Year","SettlementPoint","HourlyVolatility"
2016,"HB_WEST",0.529660765148143
2017,"HB_WEST",0.528184186909993
2018,"HB_WEST",0.708518317093542
2019,"HB_PAN",1.07019695798581
